-- Llenando con valores ficticios
INSERT INTO RAPID_JACKETS.CATEGORIA (NOMBRE, DESCRIPCION, CATEGORIA_ID_CATEGORIA) VALUES
('CATEGORIA POR DEFECTO','ES LA CATEGORIA PADRE PARA CATEGORIAS INDEPENDIENTES',1),
('UNIFORMES PARA APRENDICES SENA','UNIFORMES EN GENERAL',2),
('UNIFORMES PARA INSTRUCTORES SENA','UNIFORMES EN GENERAL',3),
('UNIFORMES PARA ESTUDIANTES DE COLEGIO','UNIFORMES EN GENERAL',4),
('CHAQUETAS','CHAQUETAS CON TODAS SUS VARIACIONES PARA APRENDICES',2),
('OVEROLES DE TODOS MATERIALES','PARA APRENDICES DEL CEET',2),
('UNIFORMES FORMALES','TRAJES FORMALES PARA HOMBRE Y MUJER',2),
('SUDADERAS PARA DEPPORTES SENA','PARA APRENDICES QUE VIVEN SU VIDA AL LIMITE',2),
('BATAS DE EDUCACION','PARA INSTRUCTORES DEL SENA EN TODAS LAS ESPECIALIDADES',3),
('ELEMENTOS DE PROTECCION','PARA LOS APRENDICES DE CARRERAS PELIGROSAS',2),
('SUDADERAS DAMA Y CABALLERO','PARA ESTUDIANTES DE COLEGIOS PRIVADOS O PUBLICOS',4),
('UNIFORMES DE DIARIO','PARA ESTUDIANTES DE COLEGIO PUBLICO',4);

INSERT INTO RAPID_JACKETS.CATALOGO (NOMBRE, DESCRIPCION) VALUES
('PRODUCTOS EN DESCUENTO','PARA GENTE QUE GANA MENOS DE DOS SALARIOS MINIMOS'),
('PRODUCTOS MAS VENDIDOS','PARA LOS QEU ESTAN A LA MODA'),
('PRODUCTO EN LIQUIDACION','PARA QUE BROMINATOR LOS LIQUIDE'),
('PRENDAS PARA BOTAR','PARA LOS DESAMPARADOS QUE NO TIENE QUE PONERSE'),
('ROPA USADA','PARA LOS QUE NO LES DA ASCO LAS PULGAS'),
('ROPA DONADA','ESPECIAL PARA GENTE DE FUNDACIONES SIN FONDOS'),
('ROPA FINA','PARA PERSONAS PODRIDAS EN PLATA'),
('ROPA CARISIMA','UNICA EN LA TIERRA PORQUE LA TRAJO DEL FUTURO UN VIAJERO DEL TIEMPO'),
('PRODUCTOS DE DESECHO','YA SABEN, LOS QUE SALEN DEL LUGAR DONDE JAMÁS LLEGA EL SOL'),
('PRODUCTOS MENOS VENDIDOS','PARA LOS QUE ESTAR A LA MODA LES IMPORTA UN PEPINO');

INSERT INTO RAPID_JACKETS.PRODUCTO (ID_PRODUCTO, CATEGORIA_ID_CATEGORIA, CATALOGO_ID_CATALOGO, NOMBRE, PRECIO, CANTIDAD, DESCRIPCION, FOTO) VALUES
('PRO#000001',2,3,'CHAQUETA PARA APRENDICES ADSI',45000.98,10,'CHAQUETA CHALECO PARA LOS PROGRAMADORES','SIN_ASIGNAR'),
('PRO#000002',2,4,'OVEROL DE MECIDYCE',50000.9365,20,'OVEROL AZUL CON LOGOS DEL CEET Y DEL SENA','SIN_ASIGNAR'),
('PRO#000003',2,4,'OVEROL DE METALMECANICA',45000.3214,15,'OVEROL AMARILLO QUEMADO CON LOGOS DEL CEET Y DEL SENA','SIN_ASIGNAR'),
('PRO#000004',5,2,'OVEROL DE ELECTRICIDAD',35000.3652,22,'OVEROL CAFÉ CON LOGOS DEL CEET Y DEL SENA','SIN_ASIGNAR'),
('PRO#000005',2,3,'OVEROL DE MANTENIEMIENTO DE COMPUTO',48000,36,'OVEROL AZUL OSCURO CON LOGOS DEL CEET Y DEL SENA','SIN_ASIGNAR'),
('PRO#000006',2,7,'BOTAS DIELECTRICAS',39000.9847,17,'BOTAS GRUESAS DE CAUCHO Y CUERO SUPREMENTE AISLLANTES','SIN_ASIGNAR'),
('PRO#000007',5,2,'CASCO DE SEGURIDAD PLÁSTICO',10000.32,62,'CASCO BLANCO, AMARILLO O GRIS PARA TRABAJOS PELIGROSOS COMO HACER LA TAREA DE PROMOVER','SIN_ASIGNAR'),
('PRO#000008',2,2,'GAFAS DE SEGURIDAD PLÁSTICAS',12000.984,85,'CUBREN EL 30% DEL ROSTRO Y PROTEGEN CONTRA DATOS DE MEDICION INCORRECTOS. NO SON APTAS PARA VER EN 3D','SIN_ASIGNAR'),
('PRO#000009',2,5,'GUANTES AISLANTES',5000.369,10,'PARA QUE LAS MANOS NO SE LE CONGELEN A LOS APRENDICES Y NO SE MUERAN DE UNA DESCARGA ELECTRICA. EN ALGUNOS CASOS PUEDEN SUSTITUIR AL PAPEL HIGIENICO','SIN_ASIGNAR'),
('PRO#000010',2,3,'MASCARA DE GAS ANTIRADIACION',90000.0005,28,'PARA LOS APRENDICES QUE AMAN HACER ACTOS DE TERRORISMO Y VANDALISMO; NO PUEDEN SALIR SIN ALGO QUE LE PROTEGA DEL GAS LACRIMOGENO','SIN_ASIGNAR');

INSERT INTO INVENTARIO VALUES 
('INV#000001','PRO#000001',NOW(),10,450000,'EL PROVEEDOR ME ROBO $1000'),
('INV#000002','PRO#000001',NOW(),10,450000,'EL PROVEEDOR ME ROBO $1000'),
('INV#000003','PRO#000002',NOW(),10,450000,'EL PROVEEDOR ME ROBO $1000'),
('INV#000004','PRO#000002',NOW(),10,450000,'EL PROVEEDOR ME ROBO $1000'),
('INV#000005','PRO#000003',NOW(),10,450000,'EL PROVEEDOR ME ROBO $1000'),
('INV#000006','PRO#000003',NOW(),10,450000,'EL PROVEEDOR ME ROBO $1000'),
('INV#000007','PRO#000004',NOW(),10,450000,'EL PROVEEDOR ME ROBO $1000'),
('INV#000008','PRO#000004',NOW(),10,450000,'EL PROVEEDOR ME ROBO $1000'),
('INV#000009','PRO#000005',NOW(),10,450000,'EL PROVEEDOR ME ROBO $1000'),
('INV#000010','PRO#000005',NOW(),10,450000,'EL PROVEEDOR ME ROBO $1000'),
('INV#000011','PRO#000006',NOW(),10,450000,'EL PROVEEDOR ME ROBO $1000'),
('INV#000012','PRO#000006',NOW(),10,450000,'EL PROVEEDOR ME ROBO $1000'),
('INV#000013','PRO#000007',NOW(),10,450000,'EL PROVEEDOR ME ROBO $1000'),
('INV#000014','PRO#000007',NOW(),10,450000,'EL PROVEEDOR ME ROBO $1000'),
('INV#000015','PRO#000008',NOW(),10,450000,'EL PROVEEDOR ME ROBO $1000'),
('INV#000016','PRO#000008',NOW(),10,450000,'EL PROVEEDOR ME ROBO $1000'),
('INV#000017','PRO#000009',NOW(),10,450000,'EL PROVEEDOR ME ROBO $1000'),
('INV#000018','PRO#000009',NOW(),10,450000,'EL PROVEEDOR ME ROBO $1000'),
('INV#000019','PRO#000010',NOW(),10,450000,'EL PROVEEDOR ME ROBO $1000'),
('INV#000020','PRO#000010',NOW(),10,450000,'EL PROVEEDOR ME ROBO $1000');

-- -------EJECUTANDO PRUEBAS
-- -------- SELECT TODO
SELECT * FROM CATEGORIA;
SELECT * FROM CATALOGO;
SELECT * FROM PRODUCTO;
SELECT * FROM INVENTARIO;
-- -----------------------
SELECT (NOMBRE, DESCRIPCION, CATEGORIA_ID_CATEGORIA) FROM CATEGORIA WHERE ID_CATEGORIA = ?;
SELECT * FROM CATALOGO WHERE ACTIVO = TRUE;
DELETE FROM CATEGORIA WHERE ID_CATEGORIA = 1;
UPDATE PRODUCTO SET NOMBRE = 'TOSTADAS FRANCESAS', PRECIO = 2500 WHERE ID_PRODUCTO = 'PRO#000010';